{
  "__global__": {
    "q80": 1.462324269857719,
    "q90": 1.8423140386318715,
    "q95": 2.3692162162382253,
    "median": 0.7671558033950279,
    "n_samples": 500
  },
  "Bellary Road 1": {
    "q80": 1.4127062328136413,
    "q90": 1.7227764643150039,
    "q95": 2.1131975935361806,
    "median": 0.8508897290653019,
    "n_samples": 41
  },
  "Mysore Road": {
    "q80": 1.384136152148483,
    "q90": 1.940064810019246,
    "q95": 2.1513656143035322,
    "median": 0.8608246114894982,
    "n_samples": 55
  },
  "Non-corridor": {
    "q80": 1.748903168050275,
    "q90": 2.358467957527143,
    "q95": 2.6524202348564767,
    "median": 0.8416700220768107,
    "n_samples": 189
  },
  "Tumkur Road": {
    "q80": 1.3707413828641437,
    "q90": 1.8731399561648558,
    "q95": 2.4260609058168745,
    "median": 0.7078482588699941,
    "n_samples": 49
  },
  "sev:Low": {
    "q80": 1.7626517210089978,
    "q90": 2.410978883416166,
    "q95": 2.6926637069920676,
    "median": 0.8805852576356417,
    "n_samples": 157
  },
  "sev:Medium": {
    "q80": 1.368163986623836,
    "q90": 1.6554865917754453,
    "q95": 2.056493632903676,
    "median": 0.7149390309106349,
    "n_samples": 324
  }
}