{
  "__global__": {
    "q80": 1.3989870519917105,
    "q90": 1.7569329709405164,
    "q95": 2.1474769809935523,
    "median": 0.7282693176435064,
    "n_samples": 500
  },
  "Bellary Road 1": {
    "q80": 1.2644021408812565,
    "q90": 1.8780506699658575,
    "q95": 2.3939412166430403,
    "median": 0.7712217809823438,
    "n_samples": 41
  },
  "Mysore Road": {
    "q80": 1.510907711264601,
    "q90": 1.7168730965236016,
    "q95": 2.2768783159432613,
    "median": 0.666720796579126,
    "n_samples": 55
  },
  "Non-corridor": {
    "q80": 1.614333961653722,
    "q90": 2.0255394329749103,
    "q95": 2.312408042505527,
    "median": 0.8271446365195372,
    "n_samples": 189
  },
  "Tumkur Road": {
    "q80": 1.2943160006107406,
    "q90": 1.8963060955244235,
    "q95": 2.399251403237245,
    "median": 0.700289516934236,
    "n_samples": 49
  },
  "sev:Low": {
    "q80": 1.6180702493119137,
    "q90": 2.0299845564707035,
    "q95": 2.33434513076452,
    "median": 0.8329808334395739,
    "n_samples": 157
  },
  "sev:Medium": {
    "q80": 1.2788999461176491,
    "q90": 1.6519400536619564,
    "q95": 1.996101587244131,
    "median": 0.6889994297661735,
    "n_samples": 324
  }
}