{
  "oof_log_rmse": 0.9841142078343919,
  "test_log_rmse": 1.066444692721031,
  "test_mae": 93.73543770560771,
  "meta_weights": [
    -0.17763982032609785,
    0.8169995521186917,
    0.47161431607986853
  ]
}